{"8Y8YYscc4jSTvpGioQPZ4g==":"logo-srd-122x60.png","PwtOUoqeU47j+CHKGd4yCQ==":"pexels-photo-1098460-2000x1247.jpg","EHCptxfa71UeqrPFnezViw==":"topo-1201x478.jpg","mCG52qfDH+JbCapcvDhhGA==":"topo-2000x550.jpg","KHbxgcsnxLsKhfPzkRPkyg==":"background4-1168x779.jpg","/rrmouE6bC0DsoDGfDBTXA==":"%E2%80%94pngtree%E2%80%94business%20team%20work%20concept%20target-5335927-1068x1068.png","2/ORJ3b/kw7eU6kNi6JMQw==":"%E2%80%94pngtree%E2%80%94business%20team%20work%20concept%20target_5335927%20(1)-1068x1068.png","T1lnNF4Ufkl2oYIFeKFjlw==":"topo-2000x550.jpeg","HPeg651+4P1ez4mx5CQcSQ==":"4df43a36-bce3-4e50-bb5c-d60fe9692c03-768x431.jpeg","pG05dDcp/2Y+XZjAxLJ0jA==":"produ%C3%A7%C3%A3o-de-soja-952x635.jpg","IJAm87pYL0HB3XTZsuL9Jg==":"produ%C3%A7%C3%A3o-de-soja-952x635.jpeg","OAsZHUyJX3TfCP1piqdHZg==":"topo-1-2000x550.jpeg","dZzbvcUtSzlXKGNQ+OJb0A==":"fundo-2000x1194.jpeg","t6de2SX7cBJ8Zpf4UZ83Xw==":"bg-topo-380x68.jpg","vzAsJtlO5LwrjEKBPSCj4A==":"bg-topo-1952x349.jpg","CfGutkwLwmifXBjpvv+uJg==":"fundo-1-2000x1194.jpeg","MBeikGfNbFnCJ7Ha2ivvAg==":"topo2-1808x497.jpg","0zc/gyEMi2gLbKvjcv8o1g==":"topo2-1808x497.jpeg","hGkaphNN/IRf8RNvoVyadQ==":"%C3%ADndice-400x533.jpeg","wDE0QHiTA/tkfgkp+jnQ/g==":"%C3%ADndicei-400x533.jpg","lzIlcyquSqM5NqS0DUT50g==":"%C3%ADndicepop-400x533.jpg","CD59hNn3lFnW4IjurVt5Ww==":"164067125_273441400903754_3283642075544248912_n-400x401.jpg"}